loan_amount,interest_rate,income,credit_score,loan_term,loan_status,loan_to_income_ratio
500000,12,600000,720,36,0,0.8333333333333334
300000,14,450000,680,24,1,0.6666666666666666
700000,10,900000,750,48,0,0.7777777777777778
200000,18,300000,620,12,1,0.6666666666666666
400000,11,550000,700,36,0,0.7272727272727273
